Unnamed: 0,property_id,check_in_date,room_category,successful_bookings,capacity,vacantrooms
16,18558,01-May-22,RT1,11,15,4
17,18559,01-May-22,RT1,29,42,13
18,18561,01-May-22,RT1,31,33,2
19,18562,01-May-22,RT1,34,38,4
38,18562,01-May-22,RT2,33,34,1
39,18559,01-May-22,RT2,29,44,15
42,18558,01-May-22,RT2,21,30,9
44,18561,01-May-22,RT2,35,40,5
53,18562,01-May-22,RT3,28,29,1
59,18561,01-May-22,RT3,23,25,2
63,18558,01-May-22,RT3,18,26,8
74,18559,01-May-22,RT3,14,23,9
85,18561,01-May-22,RT4,8,9,1
89,18559,01-May-22,RT4,11,19,8
93,18558,01-May-22,RT4,14,20,6
94,18562,01-May-22,RT4,19,20,1
117,18558,02-May-22,RT1,8,15,7
118,18559,02-May-22,RT1,17,42,25
119,18561,02-May-22,RT1,24,33,9
120,18562,02-May-22,RT1,22,38,16
139,18562,02-May-22,RT2,17,34,17
140,18559,02-May-22,RT2,18,44,26
143,18558,02-May-22,RT2,14,30,16
145,18561,02-May-22,RT2,25,40,15
153,18562,02-May-22,RT3,18,29,11
159,18561,02-May-22,RT3,18,25,7
160,18558,02-May-22,RT3,15,26,11
167,18559,02-May-22,RT3,9,23,14
181,18561,02-May-22,RT4,5,9,4
187,18559,02-May-22,RT4,9,19,10
191,18558,02-May-22,RT4,10,20,10
192,18562,02-May-22,RT4,12,20,8
218,18558,03-May-22,RT1,8,15,7
219,18559,03-May-22,RT1,18,42,24
220,18561,03-May-22,RT1,19,33,14
221,18562,03-May-22,RT1,23,38,15
240,18562,03-May-22,RT2,22,34,12
241,18559,03-May-22,RT2,19,44,25
244,18558,03-May-22,RT2,16,30,14
246,18561,03-May-22,RT2,25,40,15
253,18562,03-May-22,RT3,17,29,12
259,18561,03-May-22,RT3,15,25,10
264,18558,03-May-22,RT3,13,26,13
265,18559,03-May-22,RT3,9,23,14
279,18561,03-May-22,RT4,5,9,4
286,18559,03-May-22,RT4,9,19,10
290,18558,03-May-22,RT4,10,20,10
291,18562,03-May-22,RT4,12,20,8
317,18558,04-May-22,RT1,7,15,8
318,18559,04-May-22,RT1,18,42,24
319,18561,04-May-22,RT1,22,33,11
320,18562,04-May-22,RT1,25,38,13
339,18562,04-May-22,RT2,22,34,12
340,18559,04-May-22,RT2,19,44,25
343,18558,04-May-22,RT2,16,30,14
345,18561,04-May-22,RT2,25,40,15
353,18562,04-May-22,RT3,16,29,13
359,18561,04-May-22,RT3,16,25,9
365,18558,04-May-22,RT3,14,26,12
369,18559,04-May-22,RT3,10,23,13
378,18561,04-May-22,RT4,4,9,5
384,18559,04-May-22,RT4,8,19,11
388,18558,04-May-22,RT4,11,20,9
389,18562,04-May-22,RT4,12,20,8
417,18558,05-May-22,RT1,8,15,7
418,18559,05-May-22,RT1,16,42,26
419,18561,05-May-22,RT1,25,33,8
420,18562,05-May-22,RT1,24,38,14
439,18562,05-May-22,RT2,22,34,12
440,18559,05-May-22,RT2,22,44,22
443,18558,05-May-22,RT2,15,30,15
445,18561,05-May-22,RT2,26,40,14
453,18562,05-May-22,RT3,18,29,11
459,18561,05-May-22,RT3,15,25,10
468,18559,05-May-22,RT3,10,23,13
470,18558,05-May-22,RT3,12,26,14
479,18561,05-May-22,RT4,5,9,4
485,18559,05-May-22,RT4,8,19,11
489,18558,05-May-22,RT4,11,20,9
490,18562,05-May-22,RT4,12,20,8
517,18558,06-May-22,RT1,7,15,8
518,18559,06-May-22,RT1,18,42,24
519,18561,06-May-22,RT1,23,33,10
520,18562,06-May-22,RT1,24,38,14
539,18562,06-May-22,RT2,26,34,8
540,18559,06-May-22,RT2,20,44,24
543,18558,06-May-22,RT2,17,30,13
545,18561,06-May-22,RT2,23,40,17
553,18562,06-May-22,RT3,21,29,8
559,18561,06-May-22,RT3,17,25,8
563,18558,06-May-22,RT3,14,26,12
566,18559,06-May-22,RT3,9,23,14
579,18561,06-May-22,RT4,4,9,5
585,18559,06-May-22,RT4,9,19,10
589,18558,06-May-22,RT4,11,20,9
590,18562,06-May-22,RT4,14,20,6
617,18558,07-May-22,RT1,11,15,4
618,18559,07-May-22,RT1,22,42,20
619,18561,07-May-22,RT1,28,33,5
620,18562,07-May-22,RT1,33,38,5
639,18562,07-May-22,RT2,28,34,6
640,18559,07-May-22,RT2,28,44,16
643,18558,07-May-22,RT2,22,30,8
645,18561,07-May-22,RT2,40,40,0
653,18562,07-May-22,RT3,29,29,0
660,18561,07-May-22,RT3,21,25,4
664,18558,07-May-22,RT3,19,26,7
669,18559,07-May-22,RT3,15,23,8
685,18561,07-May-22,RT4,8,9,1
689,18559,07-May-22,RT4,13,19,6
693,18558,07-May-22,RT4,15,20,5
694,18562,07-May-22,RT4,19,20,1
717,18558,08-May-22,RT1,12,15,3
718,18559,08-May-22,RT1,25,42,17
719,18561,08-May-22,RT1,28,33,5
720,18562,08-May-22,RT1,34,38,4
739,18562,08-May-22,RT2,32,34,2
740,18559,08-May-22,RT2,25,44,19
743,18558,08-May-22,RT2,22,30,8
745,18561,08-May-22,RT2,40,40,0
753,18562,08-May-22,RT3,27,29,2
759,18561,08-May-22,RT3,22,25,3
764,18558,08-May-22,RT3,20,26,6
774,18559,08-May-22,RT3,14,23,9
786,18561,08-May-22,RT4,8,9,1
790,18559,08-May-22,RT4,12,19,7
794,18558,08-May-22,RT4,14,20,6
795,18562,08-May-22,RT4,18,20,2
817,18558,09-May-22,RT1,7,15,8
818,18559,09-May-22,RT1,15,42,27
819,18561,09-May-22,RT1,21,33,12
820,18562,09-May-22,RT1,25,38,13
839,18562,09-May-22,RT2,20,34,14
840,18559,09-May-22,RT2,21,44,23
843,18558,09-May-22,RT2,15,30,15
845,18561,09-May-22,RT2,27,40,13
853,18562,09-May-22,RT3,19,29,10
859,18561,09-May-22,RT3,16,25,9
864,18558,09-May-22,RT3,14,26,12
866,18559,09-May-22,RT3,9,23,14
880,18561,09-May-22,RT4,5,9,4
886,18559,09-May-22,RT4,8,19,11
890,18558,09-May-22,RT4,11,20,9
891,18562,09-May-22,RT4,12,20,8
917,18558,10-May-22,RT1,8,15,7
918,18559,10-May-22,RT1,19,42,23
919,18561,10-May-22,RT1,21,33,12
920,18562,10-May-22,RT1,23,38,15
939,18562,10-May-22,RT2,26,34,8
940,18559,10-May-22,RT2,22,44,22
943,18558,10-May-22,RT2,14,30,16
945,18561,10-May-22,RT2,25,40,15
953,18562,10-May-22,RT3,19,29,10
959,18561,10-May-22,RT3,17,25,8
960,18558,10-May-22,RT3,13,26,13
971,18559,10-May-22,RT3,10,23,13
979,18561,10-May-22,RT4,5,9,4
985,18559,10-May-22,RT4,8,19,11
989,18558,10-May-22,RT4,10,20,10
990,18562,10-May-22,RT4,13,20,7
1016,18558,11-May-22,RT1,8,15,7
1017,18559,11-May-22,RT1,18,42,24
1018,18561,11-May-22,RT1,20,33,13
1019,18562,11-May-22,RT1,24,38,14
1038,18562,11-May-22,RT2,20,34,14
1039,18559,11-May-22,RT2,21,44,23
1042,18558,11-May-22,RT2,15,30,15
1044,18561,11-May-22,RT2,28,40,12
1053,18562,11-May-22,RT3,18,29,11
1059,18561,11-May-22,RT3,15,25,10
1060,18558,11-May-22,RT3,15,26,11
1065,18559,11-May-22,RT3,9,23,14
1079,18561,11-May-22,RT4,6,9,3
1084,18559,11-May-22,RT4,10,19,9
1088,18558,11-May-22,RT4,10,20,10
1089,18562,11-May-22,RT4,12,20,8
1117,18558,12-May-22,RT1,8,15,7
1118,18559,12-May-22,RT1,16,42,26
1119,18561,12-May-22,RT1,20,33,13
1120,18562,12-May-22,RT1,24,38,14
1139,18562,12-May-22,RT2,20,34,14
1140,18559,12-May-22,RT2,21,44,23
1143,18558,12-May-22,RT2,16,30,14
1145,18561,12-May-22,RT2,23,40,17
1153,18562,12-May-22,RT3,16,29,13
1159,18561,12-May-22,RT3,17,25,8
1168,18558,12-May-22,RT3,12,26,14
1172,18559,12-May-22,RT3,11,23,12
1178,18561,12-May-22,RT4,6,9,3
1184,18559,12-May-22,RT4,8,19,11
1188,18558,12-May-22,RT4,10,20,10
1189,18562,12-May-22,RT4,13,20,7
1218,18558,13-May-22,RT1,7,15,8
1219,18559,13-May-22,RT1,20,42,22
1220,18561,13-May-22,RT1,21,33,12
1221,18562,13-May-22,RT1,22,38,16
1240,18562,13-May-22,RT2,19,34,15
1241,18559,13-May-22,RT2,20,44,24
1244,18558,13-May-22,RT2,15,30,15
1246,18561,13-May-22,RT2,28,40,12
1253,18562,13-May-22,RT3,19,29,10
1259,18561,13-May-22,RT3,15,25,10
1267,18559,13-May-22,RT3,9,23,14
1270,18558,13-May-22,RT3,12,26,14
1280,18561,13-May-22,RT4,6,9,3
1284,18559,13-May-22,RT4,9,19,10
1288,18558,13-May-22,RT4,11,20,9
1289,18562,13-May-22,RT4,14,20,6
1317,18558,14-May-22,RT1,10,15,5
1318,18559,14-May-22,RT1,25,42,17
1319,18561,14-May-22,RT1,31,33,2
1320,18562,14-May-22,RT1,33,38,5
1339,18562,14-May-22,RT2,31,34,3
1340,18559,14-May-22,RT2,24,44,20
1343,18558,14-May-22,RT2,23,30,7
1345,18561,14-May-22,RT2,34,40,6
1353,18562,14-May-22,RT3,26,29,3
1360,18561,14-May-22,RT3,23,25,2
1364,18558,14-May-22,RT3,19,26,7
1373,18559,14-May-22,RT3,14,23,9
1385,18561,14-May-22,RT4,8,9,1
1389,18559,14-May-22,RT4,11,19,8
1393,18558,14-May-22,RT4,15,20,5
1394,18562,14-May-22,RT4,17,20,3
1417,18558,15-May-22,RT1,10,15,5
1418,18559,15-May-22,RT1,23,42,19
1419,18561,15-May-22,RT1,22,33,11
1420,18562,15-May-22,RT1,24,38,14
1439,18562,15-May-22,RT2,25,34,9
1440,18559,15-May-22,RT2,22,44,22
1443,18558,15-May-22,RT2,19,30,11
1445,18561,15-May-22,RT2,28,40,12
1453,18562,15-May-22,RT3,24,29,5
1460,18561,15-May-22,RT3,20,25,5
1464,18558,15-May-22,RT3,15,26,11
1474,18559,15-May-22,RT3,11,23,12
1482,18561,15-May-22,RT4,7,9,2
1486,18559,15-May-22,RT4,10,19,9
1490,18558,15-May-22,RT4,13,20,7
1491,18562,15-May-22,RT4,17,20,3
1517,18558,16-May-22,RT1,7,15,8
1518,18559,16-May-22,RT1,15,42,27
1519,18561,16-May-22,RT1,16,33,17
1520,18562,16-May-22,RT1,19,38,19
1539,18562,16-May-22,RT2,17,34,17
1540,18559,16-May-22,RT2,15,44,29
1543,18558,16-May-22,RT2,12,30,18
1545,18561,16-May-22,RT2,22,40,18
1553,18562,16-May-22,RT3,17,29,12
1565,18561,16-May-22,RT3,14,25,11
1570,18559,16-May-22,RT3,10,23,13
1573,18558,16-May-22,RT3,11,26,15
1585,18559,16-May-22,RT4,8,19,11
1589,18558,16-May-22,RT4,9,20,11
1590,18562,16-May-22,RT4,9,20,11
1599,18561,16-May-22,RT4,3,9,6
1617,18558,17-May-22,RT1,6,15,9
1618,18559,17-May-22,RT1,16,42,26
1619,18561,17-May-22,RT1,18,33,15
1620,18562,17-May-22,RT1,18,38,20
1639,18562,17-May-22,RT2,17,34,17
1640,18559,17-May-22,RT2,17,44,27
1643,18558,17-May-22,RT2,12,30,18
1645,18561,17-May-22,RT2,21,40,19
1653,18562,17-May-22,RT3,15,29,14
1659,18559,17-May-22,RT3,7,23,16
1664,18561,17-May-22,RT3,13,25,12
1669,18558,17-May-22,RT3,10,26,16
1680,18561,17-May-22,RT4,4,9,5
1687,18559,17-May-22,RT4,8,19,11
1691,18558,17-May-22,RT4,8,20,12
1692,18562,17-May-22,RT4,10,20,10
1717,18558,18-May-22,RT1,6,15,9
1718,18559,18-May-22,RT1,14,42,28
1719,18561,18-May-22,RT1,14,33,19
1720,18562,18-May-22,RT1,21,38,17
1739,18562,18-May-22,RT2,19,34,15
1740,18559,18-May-22,RT2,16,44,28
1743,18558,18-May-22,RT2,14,30,16
1745,18561,18-May-22,RT2,20,40,20
1753,18562,18-May-22,RT3,18,29,11
1764,18561,18-May-22,RT3,13,25,12
1768,18559,18-May-22,RT3,9,23,14
1771,18558,18-May-22,RT3,10,26,16
1781,18559,18-May-22,RT4,4,19,15
1783,18561,18-May-22,RT4,5,9,4
1792,18558,18-May-22,RT4,8,20,12
1793,18562,18-May-22,RT4,10,20,10
1817,18558,19-May-22,RT1,7,15,8
1818,18559,19-May-22,RT1,11,42,31
1819,18561,19-May-22,RT1,18,33,15
1820,18562,19-May-22,RT1,20,38,18
1839,18562,19-May-22,RT2,16,34,18
1840,18559,19-May-22,RT2,18,44,26
1843,18558,19-May-22,RT2,14,30,16
1845,18561,19-May-22,RT2,22,40,18
1853,18562,19-May-22,RT3,15,29,14
1861,18559,19-May-22,RT3,8,23,15
1866,18558,19-May-22,RT3,10,26,16
1874,18561,19-May-22,RT3,11,25,14
1876,18561,19-May-22,RT4,4,9,5
1883,18559,19-May-22,RT4,7,19,12
1887,18558,19-May-22,RT4,9,20,11
1888,18562,19-May-22,RT4,10,20,10
1917,18558,20-May-22,RT1,6,15,9
1918,18559,20-May-22,RT1,16,42,26
1919,18561,20-May-22,RT1,14,33,19
1920,18562,20-May-22,RT1,20,38,18
1939,18562,20-May-22,RT2,17,34,17
1940,18559,20-May-22,RT2,17,44,27
1943,18558,20-May-22,RT2,12,30,18
1945,18561,20-May-22,RT2,20,40,20
1953,18562,20-May-22,RT3,15,29,14
1959,18561,20-May-22,RT3,15,25,10
1968,18559,20-May-22,RT3,9,23,14
1971,18558,20-May-22,RT3,12,26,14
1982,18561,20-May-22,RT4,5,9,4
1987,18559,20-May-22,RT4,7,19,12
1991,18558,20-May-22,RT4,8,20,12
1992,18562,20-May-22,RT4,11,20,9
2016,18558,21-May-22,RT1,8,15,7
2017,18559,21-May-22,RT1,18,42,24
2018,18561,21-May-22,RT1,23,33,10
2019,18562,21-May-22,RT1,25,38,13
2038,18562,21-May-22,RT2,25,34,9
2039,18559,21-May-22,RT2,18,44,26
2042,18558,21-May-22,RT2,18,30,12
2044,18561,21-May-22,RT2,30,40,10
2053,18562,21-May-22,RT3,23,29,6
2060,18561,21-May-22,RT3,19,25,6
2064,18558,21-May-22,RT3,15,26,11
2071,18559,21-May-22,RT3,12,23,11
2083,18561,21-May-22,RT4,7,9,2
2087,18559,21-May-22,RT4,9,19,10
2091,18558,21-May-22,RT4,12,20,8
2092,18562,21-May-22,RT4,14,20,6
2117,18558,22-May-22,RT1,11,15,4
2118,18559,22-May-22,RT1,26,42,16
2119,18561,22-May-22,RT1,28,33,5
2120,18562,22-May-22,RT1,33,38,5
2139,18562,22-May-22,RT2,30,34,4
2140,18559,22-May-22,RT2,28,44,16
2143,18558,22-May-22,RT2,24,30,6
2145,18561,22-May-22,RT2,34,40,6
2153,18562,22-May-22,RT3,27,29,2
2160,18561,22-May-22,RT3,21,25,4
2166,18558,22-May-22,RT3,19,26,7
2170,18559,22-May-22,RT3,15,23,8
2186,18561,22-May-22,RT4,8,9,1
2190,18559,22-May-22,RT4,13,19,6
2194,18558,22-May-22,RT4,16,20,4
2195,18562,22-May-22,RT4,18,20,2
2218,18558,23-May-22,RT1,9,15,6
2219,18559,23-May-22,RT1,15,42,27
2220,18561,23-May-22,RT1,21,33,12
2221,18562,23-May-22,RT1,24,38,14
2240,18562,23-May-22,RT2,20,34,14
2241,18559,23-May-22,RT2,19,44,25
2244,18558,23-May-22,RT2,14,30,16
2246,18561,23-May-22,RT2,25,40,15
2253,18562,23-May-22,RT3,18,29,11
2259,18561,23-May-22,RT3,16,25,9
2269,18558,23-May-22,RT3,12,26,14
2273,18559,23-May-22,RT3,11,23,12
2278,18561,23-May-22,RT4,5,9,4
2285,18559,23-May-22,RT4,9,19,10
2289,18558,23-May-22,RT4,10,20,10
2290,18562,23-May-22,RT4,11,20,9
2317,18558,24-May-22,RT1,8,15,7
2318,18559,24-May-22,RT1,17,42,25
2319,18561,24-May-22,RT1,18,33,15
2320,18562,24-May-22,RT1,23,38,15
2339,18562,24-May-22,RT2,20,34,14
2340,18559,24-May-22,RT2,18,44,26
2343,18558,24-May-22,RT2,16,30,14
2345,18561,24-May-22,RT2,28,40,12
2353,18562,24-May-22,RT3,17,29,12
2364,18561,24-May-22,RT3,14,25,11
2369,18559,24-May-22,RT3,10,23,13
2372,18558,24-May-22,RT3,12,26,14
2379,18561,24-May-22,RT4,4,9,5
2386,18559,24-May-22,RT4,9,19,10
2390,18558,24-May-22,RT4,10,20,10
2391,18562,24-May-22,RT4,14,20,6
2417,18558,25-May-22,RT1,8,15,7
2418,18559,25-May-22,RT1,17,42,25
2419,18561,25-May-22,RT1,20,33,13
2420,18562,25-May-22,RT1,25,38,13
2439,18562,25-May-22,RT2,22,34,12
2440,18559,25-May-22,RT2,19,44,25
2443,18558,25-May-22,RT2,14,30,16
2445,18561,25-May-22,RT2,22,40,18
2453,18562,25-May-22,RT3,18,29,11
2459,18561,25-May-22,RT3,18,25,7
2461,18558,25-May-22,RT3,13,26,13
2474,18559,25-May-22,RT3,11,23,12
2482,18561,25-May-22,RT4,5,9,4
2487,18559,25-May-22,RT4,8,19,11
2491,18558,25-May-22,RT4,9,20,11
2492,18562,25-May-22,RT4,13,20,7
2517,18558,26-May-22,RT1,8,15,7
2518,18559,26-May-22,RT1,15,42,27
2519,18561,26-May-22,RT1,21,33,12
2520,18562,26-May-22,RT1,22,38,16
2539,18562,26-May-22,RT2,19,34,15
2540,18559,26-May-22,RT2,17,44,27
2543,18558,26-May-22,RT2,15,30,15
2545,18561,26-May-22,RT2,23,40,17
2553,18562,26-May-22,RT3,19,29,10
2562,18561,26-May-22,RT3,14,25,11
2571,18558,26-May-22,RT3,12,26,14
2574,18559,26-May-22,RT3,11,23,12
2580,18561,26-May-22,RT4,5,9,4
2586,18559,26-May-22,RT4,8,19,11
2590,18558,26-May-22,RT4,10,20,10
2591,18562,26-May-22,RT4,13,20,7
2617,18558,27-May-22,RT1,8,15,7
2618,18559,27-May-22,RT1,18,42,24
2619,18561,27-May-22,RT1,20,33,13
2620,18562,27-May-22,RT1,21,38,17
2639,18562,27-May-22,RT2,22,34,12
2640,18559,27-May-22,RT2,17,44,27
2643,18558,27-May-22,RT2,14,30,16
2645,18561,27-May-22,RT2,27,40,13
2653,18562,27-May-22,RT3,20,29,9
2662,18561,27-May-22,RT3,13,25,12
2666,18559,27-May-22,RT3,10,23,13
2670,18558,27-May-22,RT3,12,26,14
2680,18561,27-May-22,RT4,6,9,3
2684,18559,27-May-22,RT4,7,19,12
2688,18558,27-May-22,RT4,11,20,9
2689,18562,27-May-22,RT4,10,20,10
2717,18558,28-May-22,RT1,12,15,3
2718,18559,28-May-22,RT1,24,42,18
2719,18561,28-May-22,RT1,31,33,2
2720,18562,28-May-22,RT1,32,38,6
2739,18562,28-May-22,RT2,31,34,3
2740,18559,28-May-22,RT2,27,44,17
2743,18558,28-May-22,RT2,23,30,7
2745,18561,28-May-22,RT2,34,40,6
2753,18562,28-May-22,RT3,27,29,2
2759,18561,28-May-22,RT3,24,25,1
2763,18558,28-May-22,RT3,19,26,7
2770,18559,28-May-22,RT3,13,23,10
2785,18561,28-May-22,RT4,9,9,0
2789,18559,28-May-22,RT4,12,19,7
2793,18558,28-May-22,RT4,13,20,7
2794,18562,28-May-22,RT4,19,20,1
2817,18558,29-May-22,RT1,8,15,7
2818,18559,29-May-22,RT1,20,42,22
2819,18561,29-May-22,RT1,26,33,7
2820,18562,29-May-22,RT1,32,38,6
2839,18562,29-May-22,RT2,28,34,6
2840,18559,29-May-22,RT2,25,44,19
2843,18558,29-May-22,RT2,20,30,10
2845,18561,29-May-22,RT2,27,40,13
2853,18562,29-May-22,RT3,24,29,5
2860,18561,29-May-22,RT3,20,25,5
2862,18558,29-May-22,RT3,17,26,9
2873,18559,29-May-22,RT3,11,23,12
2883,18561,29-May-22,RT4,7,9,2
2887,18559,29-May-22,RT4,9,19,10
2891,18558,29-May-22,RT4,11,20,9
2892,18562,29-May-22,RT4,15,20,5
2917,18558,30-May-22,RT1,7,15,8
2918,18559,30-May-22,RT1,16,42,26
2919,18561,30-May-22,RT1,17,33,16
2920,18562,30-May-22,RT1,20,38,18
2939,18562,30-May-22,RT2,17,34,17
2940,18559,30-May-22,RT2,18,44,26
2943,18558,30-May-22,RT2,12,30,18
2945,18561,30-May-22,RT2,19,40,21
2953,18562,30-May-22,RT3,14,29,15
2959,18559,30-May-22,RT3,7,23,16
2966,18558,30-May-22,RT3,13,26,13
2967,18561,30-May-22,RT3,13,25,12
2979,18561,30-May-22,RT4,4,9,5
2986,18559,30-May-22,RT4,6,19,13
2990,18558,30-May-22,RT4,9,20,11
2991,18562,30-May-22,RT4,10,20,10
3016,18558,31-May-22,RT1,6,15,9
3017,18559,31-May-22,RT1,15,42,27
3018,18561,31-May-22,RT1,18,33,15
3019,18562,31-May-22,RT1,22,38,16
3038,18562,31-May-22,RT2,20,34,14
3039,18559,31-May-22,RT2,14,44,30
3042,18558,31-May-22,RT2,14,30,16
3044,18561,31-May-22,RT2,23,40,17
3053,18562,31-May-22,RT3,13,29,16
3063,18561,31-May-22,RT3,13,25,12
3066,18559,31-May-22,RT3,9,23,14
3069,18558,31-May-22,RT3,10,26,16
3080,18561,31-May-22,RT4,5,9,4
3085,18559,31-May-22,RT4,6,19,13
3089,18558,31-May-22,RT4,8,20,12
3090,18562,31-May-22,RT4,10,20,10
3117,18558,01-Jun-22,RT1,6,15,9
3118,18559,01-Jun-22,RT1,14,42,28
3119,18561,01-Jun-22,RT1,19,33,14
3120,18562,01-Jun-22,RT1,20,38,18
3139,18562,01-Jun-22,RT2,17,34,17
3140,18559,01-Jun-22,RT2,16,44,28
3143,18558,01-Jun-22,RT2,14,30,16
3145,18561,01-Jun-22,RT2,18,40,22
3153,18562,01-Jun-22,RT3,16,29,13
3163,18559,01-Jun-22,RT3,8,23,15
3165,18561,01-Jun-22,RT3,13,25,12
3174,18558,01-Jun-22,RT3,11,26,15
3179,18561,01-Jun-22,RT4,4,9,5
3186,18559,01-Jun-22,RT4,6,19,13
3190,18558,01-Jun-22,RT4,8,20,12
3191,18562,01-Jun-22,RT4,9,20,11
3218,18558,02-Jun-22,RT1,6,15,9
3219,18559,02-Jun-22,RT1,14,42,28
3220,18561,02-Jun-22,RT1,17,33,16
3221,18562,02-Jun-22,RT1,19,38,19
3240,18562,02-Jun-22,RT2,17,34,17
3241,18559,02-Jun-22,RT2,17,44,27
3244,18558,02-Jun-22,RT2,13,30,17
3246,18561,02-Jun-22,RT2,19,40,21
3253,18562,02-Jun-22,RT3,13,29,16
3262,18559,02-Jun-22,RT3,8,23,15
3264,18561,02-Jun-22,RT3,14,25,11
3274,18558,02-Jun-22,RT3,11,26,15
3280,18561,02-Jun-22,RT4,4,9,5
3287,18559,02-Jun-22,RT4,6,19,13
3291,18558,02-Jun-22,RT4,10,20,10
3292,18562,02-Jun-22,RT4,10,20,10
3317,18558,03-Jun-22,RT1,7,15,8
3318,18559,03-Jun-22,RT1,16,42,26
3319,18561,03-Jun-22,RT1,20,33,13
3320,18562,03-Jun-22,RT1,20,38,18
3339,18562,03-Jun-22,RT2,18,34,16
3340,18559,03-Jun-22,RT2,16,44,28
3343,18558,03-Jun-22,RT2,11,30,19
3345,18561,03-Jun-22,RT2,18,40,22
3353,18562,03-Jun-22,RT3,15,29,14
3363,18559,03-Jun-22,RT3,8,23,15
3365,18561,03-Jun-22,RT3,13,25,12
3370,18558,03-Jun-22,RT3,12,26,14
3382,18561,03-Jun-22,RT4,4,9,5
3387,18559,03-Jun-22,RT4,6,19,13
3391,18558,03-Jun-22,RT4,9,20,11
3392,18562,03-Jun-22,RT4,8,20,12
3417,18558,04-Jun-22,RT1,8,15,7
3418,18559,04-Jun-22,RT1,20,42,22
3419,18561,04-Jun-22,RT1,24,33,9
3420,18562,04-Jun-22,RT1,27,38,11
3439,18562,04-Jun-22,RT2,27,34,7
3440,18559,04-Jun-22,RT2,23,44,21
3443,18558,04-Jun-22,RT2,17,30,13
3445,18561,04-Jun-22,RT2,28,40,12
3453,18562,04-Jun-22,RT3,20,29,9
3459,18561,04-Jun-22,RT3,18,25,7
3468,18558,04-Jun-22,RT3,14,26,12
3473,18559,04-Jun-22,RT3,11,23,12
3481,18561,04-Jun-22,RT4,6,9,3
3487,18559,04-Jun-22,RT4,11,19,8
3491,18558,04-Jun-22,RT4,13,20,7
3492,18562,04-Jun-22,RT4,17,20,3
3517,18558,05-Jun-22,RT1,11,15,4
3518,18559,05-Jun-22,RT1,26,42,16
3519,18561,05-Jun-22,RT1,30,33,3
3520,18562,05-Jun-22,RT1,34,38,4
3539,18562,05-Jun-22,RT2,33,34,1
3540,18559,05-Jun-22,RT2,31,44,13
3543,18558,05-Jun-22,RT2,21,30,9
3545,18561,05-Jun-22,RT2,37,40,3
3553,18562,05-Jun-22,RT3,27,29,2
3560,18561,05-Jun-22,RT3,21,25,4
3564,18558,05-Jun-22,RT3,18,26,8
3573,18559,05-Jun-22,RT3,12,23,11
3586,18561,05-Jun-22,RT4,9,9,0
3590,18559,05-Jun-22,RT4,12,19,7
3594,18558,05-Jun-22,RT4,14,20,6
3595,18562,05-Jun-22,RT4,17,20,3
3617,18558,06-Jun-22,RT1,8,15,7
3618,18559,06-Jun-22,RT1,21,42,21
3619,18561,06-Jun-22,RT1,22,33,11
3620,18562,06-Jun-22,RT1,22,38,16
3639,18562,06-Jun-22,RT2,20,34,14
3640,18559,06-Jun-22,RT2,22,44,22
3643,18558,06-Jun-22,RT2,15,30,15
3645,18561,06-Jun-22,RT2,28,40,12
3653,18562,06-Jun-22,RT3,19,29,10
3659,18561,06-Jun-22,RT3,16,25,9
3665,18558,06-Jun-22,RT3,14,26,12
3668,18559,06-Jun-22,RT3,9,23,14
3681,18561,06-Jun-22,RT4,5,9,4
3687,18559,06-Jun-22,RT4,9,19,10
3691,18558,06-Jun-22,RT4,10,20,10
3692,18562,06-Jun-22,RT4,12,20,8
3717,18558,07-Jun-22,RT1,8,15,7
3718,18559,07-Jun-22,RT1,15,42,27
3719,18561,07-Jun-22,RT1,18,33,15
3720,18562,07-Jun-22,RT1,24,38,14
3739,18562,07-Jun-22,RT2,23,34,11
3740,18559,07-Jun-22,RT2,19,44,25
3743,18558,07-Jun-22,RT2,18,30,12
3745,18561,07-Jun-22,RT2,26,40,14
3753,18562,07-Jun-22,RT3,18,29,11
3759,18561,07-Jun-22,RT3,15,25,10
3763,18558,07-Jun-22,RT3,13,26,13
3774,18559,07-Jun-22,RT3,11,23,12
3780,18561,07-Jun-22,RT4,6,9,3
3785,18559,07-Jun-22,RT4,9,19,10
3789,18558,07-Jun-22,RT4,11,20,9
3790,18562,07-Jun-22,RT4,13,20,7
3817,18558,08-Jun-22,RT1,8,15,7
3818,18559,08-Jun-22,RT1,19,42,23
3819,18561,08-Jun-22,RT1,18,33,15
3820,18562,08-Jun-22,RT1,24,38,14
3839,18562,08-Jun-22,RT2,21,34,13
3840,18559,08-Jun-22,RT2,18,44,26
3843,18558,08-Jun-22,RT2,15,30,15
3845,18561,08-Jun-22,RT2,24,40,16
3853,18562,08-Jun-22,RT3,17,29,12
3859,18561,08-Jun-22,RT3,15,25,10
3865,18558,08-Jun-22,RT3,14,26,12
3868,18559,08-Jun-22,RT3,10,23,13
3879,18561,08-Jun-22,RT4,5,9,4
3885,18559,08-Jun-22,RT4,7,19,12
3889,18558,08-Jun-22,RT4,9,20,11
3890,18562,08-Jun-22,RT4,13,20,7
3917,18558,09-Jun-22,RT1,8,15,7
3918,18559,09-Jun-22,RT1,14,42,28
3919,18561,09-Jun-22,RT1,22,33,11
3920,18562,09-Jun-22,RT1,23,38,15
3939,18562,09-Jun-22,RT2,22,34,12
3940,18559,09-Jun-22,RT2,21,44,23
3943,18558,09-Jun-22,RT2,14,30,16
3945,18561,09-Jun-22,RT2,26,40,14
3953,18562,09-Jun-22,RT3,20,29,9
3959,18561,09-Jun-22,RT3,16,25,9
3961,18559,09-Jun-22,RT3,8,23,15
3969,18558,09-Jun-22,RT3,12,26,14
3977,18561,09-Jun-22,RT4,5,9,4
3983,18559,09-Jun-22,RT4,10,19,9
3987,18558,09-Jun-22,RT4,11,20,9
3988,18562,09-Jun-22,RT4,12,20,8
4016,18558,10-Jun-22,RT1,7,15,8
4017,18559,10-Jun-22,RT1,19,42,23
4018,18561,10-Jun-22,RT1,22,33,11
4019,18562,10-Jun-22,RT1,28,38,10
4038,18562,10-Jun-22,RT2,24,34,10
4039,18559,10-Jun-22,RT2,17,44,27
4042,18558,10-Jun-22,RT2,17,30,13
4044,18561,10-Jun-22,RT2,27,40,13
4053,18562,10-Jun-22,RT3,17,29,12
4059,18561,10-Jun-22,RT3,15,25,10
4064,18558,10-Jun-22,RT3,14,26,12
4069,18559,10-Jun-22,RT3,10,23,13
4080,18561,10-Jun-22,RT4,6,9,3
4086,18559,10-Jun-22,RT4,9,19,10
4090,18558,10-Jun-22,RT4,10,20,10
4091,18562,10-Jun-22,RT4,12,20,8
4117,18558,11-Jun-22,RT1,11,15,4
4118,18559,11-Jun-22,RT1,25,42,17
4119,18561,11-Jun-22,RT1,31,33,2
4120,18562,11-Jun-22,RT1,35,38,3
4139,18562,11-Jun-22,RT2,29,34,5
4140,18559,11-Jun-22,RT2,27,44,17
4143,18558,11-Jun-22,RT2,21,30,9
4145,18561,11-Jun-22,RT2,35,40,5
4153,18562,11-Jun-22,RT3,26,29,3
4160,18561,11-Jun-22,RT3,24,25,1
4164,18558,11-Jun-22,RT3,20,26,6
4170,18559,11-Jun-22,RT3,13,23,10
4186,18561,11-Jun-22,RT4,9,9,0
4190,18559,11-Jun-22,RT4,12,19,7
4194,18558,11-Jun-22,RT4,14,20,6
4195,18562,11-Jun-22,RT4,18,20,2
4218,18558,12-Jun-22,RT1,11,15,4
4219,18559,12-Jun-22,RT1,23,42,19
4220,18561,12-Jun-22,RT1,28,33,5
4221,18562,12-Jun-22,RT1,36,38,2
4240,18562,12-Jun-22,RT2,32,34,2
4241,18559,12-Jun-22,RT2,25,44,19
4244,18558,12-Jun-22,RT2,21,30,9
4246,18561,12-Jun-22,RT2,32,40,8
4253,18562,12-Jun-22,RT3,27,29,2
4260,18561,12-Jun-22,RT3,22,25,3
4266,18558,12-Jun-22,RT3,18,26,8
4272,18559,12-Jun-22,RT3,15,23,8
4286,18561,12-Jun-22,RT4,8,9,1
4290,18559,12-Jun-22,RT4,11,19,8
4294,18558,12-Jun-22,RT4,15,20,5
4295,18562,12-Jun-22,RT4,17,20,3
4317,18558,13-Jun-22,RT1,8,15,7
4318,18559,13-Jun-22,RT1,18,42,24
4319,18561,13-Jun-22,RT1,20,33,13
4320,18562,13-Jun-22,RT1,25,38,13
4339,18562,13-Jun-22,RT2,20,34,14
4340,18559,13-Jun-22,RT2,18,44,26
4343,18558,13-Jun-22,RT2,14,30,16
4345,18561,13-Jun-22,RT2,31,40,9
4353,18562,13-Jun-22,RT3,15,29,14
4359,18561,13-Jun-22,RT3,17,25,8
4360,18558,13-Jun-22,RT3,15,26,11
4369,18559,13-Jun-22,RT3,10,23,13
4379,18561,13-Jun-22,RT4,6,9,3
4385,18559,13-Jun-22,RT4,8,19,11
4389,18558,13-Jun-22,RT4,11,20,9
4390,18562,13-Jun-22,RT4,13,20,7
4417,18558,14-Jun-22,RT1,6,15,9
4418,18559,14-Jun-22,RT1,19,42,23
4419,18561,14-Jun-22,RT1,24,33,9
4420,18562,14-Jun-22,RT1,25,38,13
4439,18562,14-Jun-22,RT2,21,34,13
4440,18559,14-Jun-22,RT2,19,44,25
4443,18558,14-Jun-22,RT2,15,30,15
4445,18561,14-Jun-22,RT2,22,40,18
4453,18562,14-Jun-22,RT3,17,29,12
4459,18561,14-Jun-22,RT3,16,25,9
4461,18558,14-Jun-22,RT3,13,26,13
4466,18559,14-Jun-22,RT3,9,23,14
4478,18561,14-Jun-22,RT4,6,9,3
4484,18559,14-Jun-22,RT4,8,19,11
4488,18558,14-Jun-22,RT4,10,20,10
4489,18562,14-Jun-22,RT4,13,20,7
4517,18558,15-Jun-22,RT1,8,15,7
4518,18559,15-Jun-22,RT1,19,42,23
4519,18561,15-Jun-22,RT1,21,33,12
4520,18562,15-Jun-22,RT1,21,38,17
4539,18562,15-Jun-22,RT2,19,34,15
4540,18559,15-Jun-22,RT2,17,44,27
4543,18558,15-Jun-22,RT2,14,30,16
4545,18561,15-Jun-22,RT2,26,40,14
4553,18562,15-Jun-22,RT3,17,29,12
4559,18561,15-Jun-22,RT3,17,25,8
4562,18558,15-Jun-22,RT3,14,26,12
4564,18559,15-Jun-22,RT3,9,23,14
4583,18561,15-Jun-22,RT4,6,9,3
4588,18559,15-Jun-22,RT4,9,19,10
4592,18558,15-Jun-22,RT4,9,20,11
4593,18562,15-Jun-22,RT4,13,20,7
4617,18558,16-Jun-22,RT1,8,15,7
4618,18559,16-Jun-22,RT1,17,42,25
4619,18561,16-Jun-22,RT1,22,33,11
4620,18562,16-Jun-22,RT1,20,38,18
4639,18562,16-Jun-22,RT2,19,34,15
4640,18559,16-Jun-22,RT2,17,44,27
4643,18558,16-Jun-22,RT2,15,30,15
4645,18561,16-Jun-22,RT2,25,40,15
4653,18562,16-Jun-22,RT3,17,29,12
4659,18561,16-Jun-22,RT3,16,25,9
4662,18558,16-Jun-22,RT3,13,26,13
4669,18559,16-Jun-22,RT3,10,23,13
4681,18561,16-Jun-22,RT4,6,9,3
4686,18559,16-Jun-22,RT4,10,19,9
4690,18558,16-Jun-22,RT4,11,20,9
4691,18562,16-Jun-22,RT4,11,20,9
4717,18558,17-Jun-22,RT1,8,15,7
4718,18559,17-Jun-22,RT1,17,42,25
4719,18561,17-Jun-22,RT1,23,33,10
4720,18562,17-Jun-22,RT1,21,38,17
4739,18562,17-Jun-22,RT2,20,34,14
4740,18559,17-Jun-22,RT2,18,44,26
4743,18558,17-Jun-22,RT2,17,30,13
4745,18561,17-Jun-22,RT2,26,40,14
4753,18562,17-Jun-22,RT3,20,29,9
4759,18561,17-Jun-22,RT3,17,25,8
4761,18558,17-Jun-22,RT3,15,26,11
4763,18559,17-Jun-22,RT3,9,23,14
4777,18561,17-Jun-22,RT4,5,9,4
4784,18559,17-Jun-22,RT4,9,19,10
4788,18558,17-Jun-22,RT4,10,20,10
4789,18562,17-Jun-22,RT4,12,20,8
4817,18558,18-Jun-22,RT1,12,15,3
4818,18559,18-Jun-22,RT1,26,42,16
4819,18561,18-Jun-22,RT1,28,33,5
4820,18562,18-Jun-22,RT1,38,38,0
4839,18562,18-Jun-22,RT2,32,34,2
4840,18559,18-Jun-22,RT2,30,44,14
4843,18558,18-Jun-22,RT2,22,30,8
4845,18561,18-Jun-22,RT2,37,40,3
4853,18562,18-Jun-22,RT3,27,29,2
4860,18561,18-Jun-22,RT3,22,25,3
4864,18558,18-Jun-22,RT3,19,26,7
4870,18559,18-Jun-22,RT3,13,23,10
4885,18561,18-Jun-22,RT4,9,9,0
4889,18559,18-Jun-22,RT4,11,19,8
4893,18558,18-Jun-22,RT4,15,20,5
4894,18562,18-Jun-22,RT4,18,20,2
4917,18558,19-Jun-22,RT1,10,15,5
4918,18559,19-Jun-22,RT1,21,42,21
4919,18561,19-Jun-22,RT1,24,33,9
4920,18562,19-Jun-22,RT1,30,38,8
4939,18562,19-Jun-22,RT2,23,34,11
4940,18559,19-Jun-22,RT2,22,44,22
4943,18558,19-Jun-22,RT2,16,30,14
4945,18561,19-Jun-22,RT2,32,40,8
4953,18562,19-Jun-22,RT3,20,29,9
4960,18561,19-Jun-22,RT3,17,25,8
4962,18558,19-Jun-22,RT3,17,26,9
4974,18559,19-Jun-22,RT3,11,23,12
4982,18561,19-Jun-22,RT4,6,9,3
4988,18559,19-Jun-22,RT4,8,19,11
4992,18558,19-Jun-22,RT4,11,20,9
4993,18562,19-Jun-22,RT4,14,20,6
5016,18558,20-Jun-22,RT1,7,15,8
5017,18559,20-Jun-22,RT1,13,42,29
5018,18561,20-Jun-22,RT1,18,33,15
5019,18562,20-Jun-22,RT1,19,38,19
5038,18562,20-Jun-22,RT2,15,34,19
5039,18559,20-Jun-22,RT2,17,44,27
5042,18558,20-Jun-22,RT2,12,30,18
5044,18561,20-Jun-22,RT2,21,40,19
5053,18562,20-Jun-22,RT3,16,29,13
5062,18561,20-Jun-22,RT3,13,25,12
5064,18559,20-Jun-22,RT3,9,23,14
5073,18558,20-Jun-22,RT3,11,26,15
5082,18561,20-Jun-22,RT4,5,9,4
5087,18559,20-Jun-22,RT4,8,19,11
5091,18558,20-Jun-22,RT4,8,20,12
5092,18562,20-Jun-22,RT4,11,20,9
5117,18558,21-Jun-22,RT1,8,15,7
5118,18559,21-Jun-22,RT1,12,42,30
5119,18561,21-Jun-22,RT1,18,33,15
5120,18562,21-Jun-22,RT1,20,38,18
5139,18562,21-Jun-22,RT2,22,34,12
5140,18559,21-Jun-22,RT2,14,44,30
5143,18558,21-Jun-22,RT2,13,30,17
5145,18561,21-Jun-22,RT2,19,40,21
5153,18562,21-Jun-22,RT3,14,29,15
5162,18559,21-Jun-22,RT3,8,23,15
5165,18558,21-Jun-22,RT3,9,26,17
5173,18561,21-Jun-22,RT3,12,25,13
5178,18561,21-Jun-22,RT4,4,9,5
5185,18559,21-Jun-22,RT4,6,19,13
5189,18558,21-Jun-22,RT4,8,20,12
5190,18562,21-Jun-22,RT4,10,20,10
5218,18558,22-Jun-22,RT1,5,15,10
5219,18559,22-Jun-22,RT1,15,42,27
5220,18561,22-Jun-22,RT1,15,33,18
5221,18562,22-Jun-22,RT1,17,38,21
5240,18562,22-Jun-22,RT2,21,34,13
5241,18559,22-Jun-22,RT2,17,44,27
5244,18558,22-Jun-22,RT2,15,30,15
5246,18561,22-Jun-22,RT2,18,40,22
5253,18562,22-Jun-22,RT3,16,29,13
5261,18559,22-Jun-22,RT3,7,23,16
5269,18558,22-Jun-22,RT3,10,26,16
5274,18561,22-Jun-22,RT3,11,25,14
5280,18561,22-Jun-22,RT4,4,9,5
5287,18559,22-Jun-22,RT4,6,19,13
5291,18558,22-Jun-22,RT4,8,20,12
5292,18562,22-Jun-22,RT4,11,20,9
5317,18558,23-Jun-22,RT1,6,15,9
5318,18559,23-Jun-22,RT1,16,42,26
5319,18561,23-Jun-22,RT1,15,33,18
5320,18562,23-Jun-22,RT1,16,38,22
5339,18562,23-Jun-22,RT2,17,34,17
5340,18559,23-Jun-22,RT2,14,44,30
5343,18558,23-Jun-22,RT2,12,30,18
5345,18561,23-Jun-22,RT2,19,40,21
5353,18562,23-Jun-22,RT3,15,29,14
5362,18559,23-Jun-22,RT3,8,23,15
5364,18561,23-Jun-22,RT3,13,25,12
5371,18558,23-Jun-22,RT3,10,26,16
5382,18561,23-Jun-22,RT4,5,9,4
5387,18559,23-Jun-22,RT4,6,19,13
5391,18558,23-Jun-22,RT4,10,20,10
5392,18562,23-Jun-22,RT4,11,20,9
5417,18558,24-Jun-22,RT1,6,15,9
5418,18559,24-Jun-22,RT1,14,42,28
5419,18561,24-Jun-22,RT1,18,33,15
5420,18562,24-Jun-22,RT1,18,38,20
5439,18562,24-Jun-22,RT2,18,34,16
5440,18559,24-Jun-22,RT2,12,44,32
5443,18558,24-Jun-22,RT2,12,30,18
5445,18561,24-Jun-22,RT2,18,40,22
5453,18562,24-Jun-22,RT3,15,29,14
5461,18559,24-Jun-22,RT3,8,23,15
5471,18558,24-Jun-22,RT3,12,26,14
5473,18561,24-Jun-22,RT3,12,25,13
5482,18561,24-Jun-22,RT4,4,9,5
5488,18559,24-Jun-22,RT4,6,19,13
5492,18558,24-Jun-22,RT4,9,20,11
5493,18562,24-Jun-22,RT4,8,20,12
5517,18558,25-Jun-22,RT1,9,15,6
5518,18559,25-Jun-22,RT1,25,42,17
5519,18561,25-Jun-22,RT1,28,33,5
5520,18562,25-Jun-22,RT1,27,38,11
5539,18562,25-Jun-22,RT2,24,34,10
5540,18559,25-Jun-22,RT2,24,44,20
5543,18558,25-Jun-22,RT2,19,30,11
5545,18561,25-Jun-22,RT2,29,40,11
5553,18562,25-Jun-22,RT3,20,29,9
5560,18561,25-Jun-22,RT3,18,25,7
5564,18558,25-Jun-22,RT3,17,26,9
5566,18559,25-Jun-22,RT3,13,23,10
5584,18561,25-Jun-22,RT4,7,9,2
5588,18559,25-Jun-22,RT4,9,19,10
5592,18558,25-Jun-22,RT4,13,20,7
5593,18562,25-Jun-22,RT4,14,20,6
5617,18558,26-Jun-22,RT1,11,15,4
5618,18559,26-Jun-22,RT1,25,42,17
5619,18561,26-Jun-22,RT1,28,33,5
5620,18562,26-Jun-22,RT1,33,38,5
5639,18562,26-Jun-22,RT2,31,34,3
5640,18559,26-Jun-22,RT2,29,44,15
5643,18558,26-Jun-22,RT2,23,30,7
5645,18561,26-Jun-22,RT2,37,40,3
5653,18562,26-Jun-22,RT3,26,29,3
5659,18561,26-Jun-22,RT3,22,25,3
5663,18558,26-Jun-22,RT3,19,26,7
5673,18559,26-Jun-22,RT3,14,23,9
5686,18561,26-Jun-22,RT4,8,9,1
5690,18559,26-Jun-22,RT4,12,19,7
5694,18558,26-Jun-22,RT4,14,20,6
5695,18562,26-Jun-22,RT4,19,20,1
5717,18558,27-Jun-22,RT1,8,15,7
5718,18559,27-Jun-22,RT1,19,42,23
5719,18561,27-Jun-22,RT1,22,33,11
5720,18562,27-Jun-22,RT1,24,38,14
5739,18562,27-Jun-22,RT2,25,34,9
5740,18559,27-Jun-22,RT2,17,44,27
5743,18558,27-Jun-22,RT2,15,30,15
5745,18561,27-Jun-22,RT2,23,40,17
5753,18562,27-Jun-22,RT3,18,29,11
5759,18561,27-Jun-22,RT3,17,25,8
5760,18559,27-Jun-22,RT3,8,23,15
5764,18558,27-Jun-22,RT3,13,26,13
5781,18561,27-Jun-22,RT4,5,9,4
5787,18559,27-Jun-22,RT4,9,19,10
5791,18558,27-Jun-22,RT4,9,20,11
5792,18562,27-Jun-22,RT4,12,20,8
5817,18558,28-Jun-22,RT1,7,15,8
5818,18559,28-Jun-22,RT1,17,42,25
5819,18561,28-Jun-22,RT1,18,33,15
5820,18562,28-Jun-22,RT1,27,38,11
5839,18562,28-Jun-22,RT2,21,34,13
5840,18559,28-Jun-22,RT2,21,44,23
5843,18558,28-Jun-22,RT2,14,30,16
5845,18561,28-Jun-22,RT2,28,40,12
5853,18562,28-Jun-22,RT3,19,29,10
5859,18561,28-Jun-22,RT3,15,25,10
5863,18558,28-Jun-22,RT3,13,26,13
5865,18559,28-Jun-22,RT3,9,23,14
5880,18561,28-Jun-22,RT4,5,9,4
5885,18559,28-Jun-22,RT4,8,19,11
5889,18558,28-Jun-22,RT4,10,20,10
5890,18562,28-Jun-22,RT4,11,20,9
5917,18558,29-Jun-22,RT1,8,15,7
5918,18559,29-Jun-22,RT1,18,42,24
5919,18561,29-Jun-22,RT1,21,33,12
5920,18562,29-Jun-22,RT1,24,38,14
5939,18562,29-Jun-22,RT2,20,34,14
5940,18559,29-Jun-22,RT2,19,44,25
5943,18558,29-Jun-22,RT2,14,30,16
5945,18561,29-Jun-22,RT2,27,40,13
5953,18562,29-Jun-22,RT3,18,29,11
5959,18561,29-Jun-22,RT3,19,25,6
5966,18559,29-Jun-22,RT3,10,23,13
5970,18558,29-Jun-22,RT3,12,26,14
5981,18561,29-Jun-22,RT4,6,9,3
5985,18559,29-Jun-22,RT4,8,19,11
5989,18558,29-Jun-22,RT4,10,20,10
5990,18562,29-Jun-22,RT4,12,20,8
6016,18558,30-Jun-22,RT1,8,15,7
6017,18559,30-Jun-22,RT1,16,42,26
6018,18561,30-Jun-22,RT1,21,33,12
6019,18562,30-Jun-22,RT1,24,38,14
6038,18562,30-Jun-22,RT2,22,34,12
6039,18559,30-Jun-22,RT2,19,44,25
6042,18558,30-Jun-22,RT2,14,30,16
6044,18561,30-Jun-22,RT2,28,40,12
6053,18562,30-Jun-22,RT3,18,29,11
6059,18561,30-Jun-22,RT3,18,25,7
6064,18558,30-Jun-22,RT3,14,26,12
6069,18559,30-Jun-22,RT3,10,23,13
6080,18561,30-Jun-22,RT4,5,9,4
6085,18559,30-Jun-22,RT4,9,19,10
6089,18558,30-Jun-22,RT4,11,20,9
6090,18562,30-Jun-22,RT4,12,20,8
6117,18558,01-Jul-22,RT1,7,15,8
6118,18559,01-Jul-22,RT1,19,42,23
6119,18561,01-Jul-22,RT1,19,33,14
6120,18562,01-Jul-22,RT1,24,38,14
6139,18562,01-Jul-22,RT2,20,34,14
6140,18559,01-Jul-22,RT2,17,44,27
6143,18558,01-Jul-22,RT2,16,30,14
6145,18561,01-Jul-22,RT2,23,40,17
6153,18562,01-Jul-22,RT3,20,29,9
6159,18561,01-Jul-22,RT3,18,25,7
6165,18558,01-Jul-22,RT3,14,26,12
6172,18559,01-Jul-22,RT3,11,23,12
6179,18561,01-Jul-22,RT4,6,9,3
6185,18559,01-Jul-22,RT4,10,19,9
6189,18558,01-Jul-22,RT4,10,20,10
6190,18562,01-Jul-22,RT4,13,20,7
6218,18558,02-Jul-22,RT1,11,15,4
6219,18559,02-Jul-22,RT1,24,42,18
6220,18561,02-Jul-22,RT1,30,33,3
6221,18562,02-Jul-22,RT1,35,38,3
6240,18562,02-Jul-22,RT2,32,34,2
6241,18559,02-Jul-22,RT2,26,44,18
6244,18558,02-Jul-22,RT2,23,30,7
6246,18561,02-Jul-22,RT2,38,40,2
6253,18562,02-Jul-22,RT3,28,29,1
6260,18561,02-Jul-22,RT3,22,25,3
6265,18558,02-Jul-22,RT3,19,26,7
6273,18559,02-Jul-22,RT3,12,23,11
6285,18561,02-Jul-22,RT4,8,9,1
6289,18559,02-Jul-22,RT4,13,19,6
6293,18558,02-Jul-22,RT4,13,20,7
6294,18562,02-Jul-22,RT4,19,20,1
6317,18558,03-Jul-22,RT1,11,15,4
6318,18559,03-Jul-22,RT1,27,42,15
6319,18561,03-Jul-22,RT1,31,33,2
6320,18562,03-Jul-22,RT1,33,38,5
6339,18562,03-Jul-22,RT2,29,34,5
6340,18559,03-Jul-22,RT2,30,44,14
6343,18558,03-Jul-22,RT2,21,30,9
6345,18561,03-Jul-22,RT2,35,40,5
6353,18562,03-Jul-22,RT3,27,29,2
6360,18561,03-Jul-22,RT3,23,25,2
6364,18558,03-Jul-22,RT3,20,26,6
6373,18559,03-Jul-22,RT3,14,23,9
6386,18561,03-Jul-22,RT4,8,9,1
6390,18559,03-Jul-22,RT4,10,19,9
6394,18558,03-Jul-22,RT4,13,20,7
6395,18562,03-Jul-22,RT4,19,20,1
6417,18558,04-Jul-22,RT1,7,15,8
6418,18559,04-Jul-22,RT1,17,42,25
6419,18561,04-Jul-22,RT1,20,33,13
6420,18562,04-Jul-22,RT1,22,38,16
6439,18562,04-Jul-22,RT2,24,34,10
6440,18559,04-Jul-22,RT2,17,44,27
6443,18558,04-Jul-22,RT2,14,30,16
6445,18561,04-Jul-22,RT2,24,40,16
6453,18562,04-Jul-22,RT3,17,29,12
6459,18561,04-Jul-22,RT3,17,25,8
6463,18558,04-Jul-22,RT3,14,26,12
6473,18559,04-Jul-22,RT3,11,23,12
6479,18561,04-Jul-22,RT4,4,9,5
6485,18559,04-Jul-22,RT4,8,19,11
6489,18558,04-Jul-22,RT4,10,20,10
6490,18562,04-Jul-22,RT4,14,20,6
6517,18558,05-Jul-22,RT1,8,15,7
6518,18559,05-Jul-22,RT1,16,42,26
6519,18561,05-Jul-22,RT1,18,33,15
6520,18562,05-Jul-22,RT1,27,38,11
6539,18562,05-Jul-22,RT2,19,34,15
6540,18559,05-Jul-22,RT2,22,44,22
6543,18558,05-Jul-22,RT2,14,30,16
6545,18561,05-Jul-22,RT2,26,40,14
6553,18562,05-Jul-22,RT3,17,29,12
6559,18561,05-Jul-22,RT3,16,25,9
6560,18558,05-Jul-22,RT3,15,26,11
6564,18559,05-Jul-22,RT3,9,23,14
6581,18561,05-Jul-22,RT4,6,9,3
6585,18559,05-Jul-22,RT4,8,19,11
6589,18558,05-Jul-22,RT4,11,20,9
6590,18562,05-Jul-22,RT4,13,20,7
6617,18558,06-Jul-22,RT1,7,15,8
6618,18559,06-Jul-22,RT1,17,42,25
6619,18561,06-Jul-22,RT1,23,33,10
6620,18562,06-Jul-22,RT1,23,38,15
6639,18562,06-Jul-22,RT2,21,34,13
6640,18559,06-Jul-22,RT2,20,44,24
6643,18558,06-Jul-22,RT2,18,30,12
6645,18561,06-Jul-22,RT2,28,40,12
6653,18562,06-Jul-22,RT3,20,29,9
6659,18561,06-Jul-22,RT3,16,25,9
6667,18559,06-Jul-22,RT3,9,23,14
6671,18558,06-Jul-22,RT3,12,26,14
6682,18561,06-Jul-22,RT4,6,9,3
6687,18559,06-Jul-22,RT4,10,19,9
6691,18558,06-Jul-22,RT4,12,20,8
6692,18562,06-Jul-22,RT4,12,20,8
6717,18558,07-Jul-22,RT1,7,15,8
6718,18559,07-Jul-22,RT1,18,42,24
6719,18561,07-Jul-22,RT1,22,33,11
6720,18562,07-Jul-22,RT1,25,38,13
6739,18562,07-Jul-22,RT2,23,34,11
6740,18559,07-Jul-22,RT2,18,44,26
6743,18558,07-Jul-22,RT2,14,30,16
6745,18561,07-Jul-22,RT2,23,40,17
6753,18562,07-Jul-22,RT3,19,29,10
6761,18558,07-Jul-22,RT3,13,26,13
6763,18561,07-Jul-22,RT3,14,25,11
6767,18559,07-Jul-22,RT3,10,23,13
6779,18561,07-Jul-22,RT4,6,9,3
6784,18559,07-Jul-22,RT4,7,19,12
6788,18558,07-Jul-22,RT4,11,20,9
6789,18562,07-Jul-22,RT4,12,20,8
6817,18558,08-Jul-22,RT1,7,15,8
6818,18559,08-Jul-22,RT1,15,42,27
6819,18561,08-Jul-22,RT1,19,33,14
6820,18562,08-Jul-22,RT1,23,38,15
6839,18562,08-Jul-22,RT2,21,34,13
6840,18559,08-Jul-22,RT2,17,44,27
6843,18558,08-Jul-22,RT2,15,30,15
6845,18561,08-Jul-22,RT2,27,40,13
6853,18562,08-Jul-22,RT3,18,29,11
6859,18561,08-Jul-22,RT3,16,25,9
6864,18559,08-Jul-22,RT3,10,23,13
6869,18558,08-Jul-22,RT3,12,26,14
6878,18561,08-Jul-22,RT4,5,9,4
6884,18559,08-Jul-22,RT4,8,19,11
6888,18558,08-Jul-22,RT4,10,20,10
6889,18562,08-Jul-22,RT4,14,20,6
6917,18558,09-Jul-22,RT1,12,15,3
6918,18559,09-Jul-22,RT1,24,42,18
6919,18561,09-Jul-22,RT1,28,33,5
6920,18562,09-Jul-22,RT1,34,38,4
6939,18562,09-Jul-22,RT2,29,34,5
6940,18559,09-Jul-22,RT2,26,44,18
6943,18558,09-Jul-22,RT2,22,30,8
6945,18561,09-Jul-22,RT2,33,40,7
6953,18562,09-Jul-22,RT3,26,29,3
6960,18561,09-Jul-22,RT3,22,25,3
6965,18558,09-Jul-22,RT3,19,26,7
6974,18559,09-Jul-22,RT3,14,23,9
6985,18561,09-Jul-22,RT4,9,9,0
6989,18559,09-Jul-22,RT4,11,19,8
6993,18558,09-Jul-22,RT4,15,20,5
6994,18562,09-Jul-22,RT4,16,20,4
7016,18558,10-Jul-22,RT1,11,15,4
7017,18559,10-Jul-22,RT1,27,42,15
7018,18561,10-Jul-22,RT1,28,33,5
7019,18562,10-Jul-22,RT1,33,38,5
7038,18562,10-Jul-22,RT2,31,34,3
7039,18559,10-Jul-22,RT2,26,44,18
7042,18558,10-Jul-22,RT2,21,30,9
7044,18561,10-Jul-22,RT2,35,40,5
7053,18562,10-Jul-22,RT3,27,29,2
7059,18561,10-Jul-22,RT3,22,25,3
7064,18558,10-Jul-22,RT3,18,26,8
7073,18559,10-Jul-22,RT3,14,23,9
7086,18561,10-Jul-22,RT4,9,9,0
7090,18559,10-Jul-22,RT4,12,19,7
7094,18558,10-Jul-22,RT4,14,20,6
7095,18562,10-Jul-22,RT4,17,20,3
7117,18558,11-Jul-22,RT1,7,15,8
7118,18559,11-Jul-22,RT1,17,42,25
7119,18561,11-Jul-22,RT1,21,33,12
7120,18562,11-Jul-22,RT1,24,38,14
7139,18562,11-Jul-22,RT2,22,34,12
7140,18559,11-Jul-22,RT2,17,44,27
7143,18558,11-Jul-22,RT2,14,30,16
7145,18561,11-Jul-22,RT2,26,40,14
7153,18562,11-Jul-22,RT3,17,29,12
7159,18561,11-Jul-22,RT3,18,25,7
7163,18558,11-Jul-22,RT3,14,26,12
7165,18559,11-Jul-22,RT3,9,23,14
7180,18561,11-Jul-22,RT4,5,9,4
7187,18559,11-Jul-22,RT4,10,19,9
7191,18558,11-Jul-22,RT4,10,20,10
7192,18562,11-Jul-22,RT4,13,20,7
7218,18558,12-Jul-22,RT1,8,15,7
7219,18559,12-Jul-22,RT1,19,42,23
7220,18561,12-Jul-22,RT1,21,33,12
7221,18562,12-Jul-22,RT1,25,38,13
7240,18562,12-Jul-22,RT2,17,34,17
7241,18559,12-Jul-22,RT2,18,44,26
7244,18558,12-Jul-22,RT2,15,30,15
7246,18561,12-Jul-22,RT2,23,40,17
7253,18562,12-Jul-22,RT3,20,29,9
7259,18561,12-Jul-22,RT3,17,25,8
7265,18558,12-Jul-22,RT3,14,26,12
7269,18559,12-Jul-22,RT3,10,23,13
7279,18561,12-Jul-22,RT4,5,9,4
7285,18559,12-Jul-22,RT4,8,19,11
7289,18558,12-Jul-22,RT4,10,20,10
7290,18562,12-Jul-22,RT4,13,20,7
7317,18558,13-Jul-22,RT1,7,15,8
7318,18559,13-Jul-22,RT1,19,42,23
7319,18561,13-Jul-22,RT1,23,33,10
7320,18562,13-Jul-22,RT1,26,38,12
7339,18562,13-Jul-22,RT2,22,34,12
7340,18559,13-Jul-22,RT2,18,44,26
7343,18558,13-Jul-22,RT2,18,30,12
7345,18561,13-Jul-22,RT2,23,40,17
7353,18562,13-Jul-22,RT3,18,29,11
7364,18558,13-Jul-22,RT3,13,26,13
7365,18561,13-Jul-22,RT3,13,25,12
7368,18559,13-Jul-22,RT3,10,23,13
7379,18561,13-Jul-22,RT4,5,9,4
7385,18559,13-Jul-22,RT4,8,19,11
7389,18558,13-Jul-22,RT4,9,20,11
7390,18562,13-Jul-22,RT4,12,20,8
7417,18558,14-Jul-22,RT1,8,15,7
7418,18559,14-Jul-22,RT1,19,42,23
7419,18561,14-Jul-22,RT1,18,33,15
7420,18562,14-Jul-22,RT1,26,38,12
7439,18562,14-Jul-22,RT2,24,34,10
7440,18559,14-Jul-22,RT2,17,44,27
7443,18558,14-Jul-22,RT2,16,30,14
7445,18561,14-Jul-22,RT2,26,40,14
7453,18562,14-Jul-22,RT3,20,29,9
7459,18561,14-Jul-22,RT3,15,25,10
7462,18558,14-Jul-22,RT3,13,26,13
7469,18559,14-Jul-22,RT3,9,23,14
7481,18561,14-Jul-22,RT4,6,9,3
7485,18559,14-Jul-22,RT4,7,19,12
7489,18558,14-Jul-22,RT4,10,20,10
7490,18562,14-Jul-22,RT4,12,20,8
7517,18558,15-Jul-22,RT1,8,15,7
7518,18559,15-Jul-22,RT1,17,42,25
7519,18561,15-Jul-22,RT1,22,33,11
7520,18562,15-Jul-22,RT1,20,38,18
7539,18562,15-Jul-22,RT2,20,34,14
7540,18559,15-Jul-22,RT2,20,44,24
7543,18558,15-Jul-22,RT2,15,30,15
7545,18561,15-Jul-22,RT2,25,40,15
7553,18562,15-Jul-22,RT3,19,29,10
7561,18558,15-Jul-22,RT3,14,26,12
7563,18561,15-Jul-22,RT3,14,25,11
7571,18559,15-Jul-22,RT3,11,23,12
7582,18561,15-Jul-22,RT4,5,9,4
7587,18559,15-Jul-22,RT4,9,19,10
7591,18558,15-Jul-22,RT4,10,20,10
7592,18562,15-Jul-22,RT4,13,20,7
7617,18558,16-Jul-22,RT1,11,15,4
7618,18559,16-Jul-22,RT1,25,42,17
7619,18561,16-Jul-22,RT1,29,33,4
7620,18562,16-Jul-22,RT1,35,38,3
7639,18562,16-Jul-22,RT2,30,34,4
7640,18559,16-Jul-22,RT2,28,44,16
7643,18558,16-Jul-22,RT2,22,30,8
7645,18561,16-Jul-22,RT2,38,40,2
7653,18562,16-Jul-22,RT3,26,29,3
7659,18561,16-Jul-22,RT3,24,25,1
7663,18558,16-Jul-22,RT3,20,26,6
7669,18559,16-Jul-22,RT3,15,23,8
7686,18561,16-Jul-22,RT4,9,9,0
7690,18559,16-Jul-22,RT4,12,19,7
7694,18558,16-Jul-22,RT4,15,20,5
7695,18562,16-Jul-22,RT4,18,20,2
7717,18558,17-Jul-22,RT1,9,15,6
7718,18559,17-Jul-22,RT1,18,42,24
7719,18561,17-Jul-22,RT1,24,33,9
7720,18562,17-Jul-22,RT1,29,38,9
7739,18562,17-Jul-22,RT2,28,34,6
7740,18559,17-Jul-22,RT2,25,44,19
7743,18558,17-Jul-22,RT2,18,30,12
7745,18561,17-Jul-22,RT2,28,40,12
7753,18562,17-Jul-22,RT3,21,29,8
7759,18561,17-Jul-22,RT3,17,25,8
7760,18558,17-Jul-22,RT3,16,26,10
7766,18559,17-Jul-22,RT3,13,23,10
7783,18561,17-Jul-22,RT4,7,9,2
7787,18559,17-Jul-22,RT4,8,19,11
7791,18558,17-Jul-22,RT4,12,20,8
7792,18562,17-Jul-22,RT4,16,20,4
7817,18558,18-Jul-22,RT1,7,15,8
7818,18559,18-Jul-22,RT1,17,42,25
7819,18561,18-Jul-22,RT1,15,33,18
7820,18562,18-Jul-22,RT1,20,38,18
7839,18562,18-Jul-22,RT2,17,34,17
7840,18559,18-Jul-22,RT2,16,44,28
7843,18558,18-Jul-22,RT2,11,30,19
7845,18561,18-Jul-22,RT2,21,40,19
7853,18562,18-Jul-22,RT3,16,29,13
7860,18559,18-Jul-22,RT3,7,23,16
7864,18561,18-Jul-22,RT3,14,25,11
7870,18558,18-Jul-22,RT3,10,26,16
7886,18559,18-Jul-22,RT4,7,19,12
7890,18558,18-Jul-22,RT4,9,20,11
7891,18562,18-Jul-22,RT4,10,20,10
7899,18561,18-Jul-22,RT4,3,9,6
7917,18558,19-Jul-22,RT1,7,15,8
7918,18559,19-Jul-22,RT1,13,42,29
7919,18561,19-Jul-22,RT1,18,33,15
7920,18562,19-Jul-22,RT1,21,38,17
7939,18562,19-Jul-22,RT2,15,34,19
7940,18559,19-Jul-22,RT2,18,44,26
7943,18558,19-Jul-22,RT2,14,30,16
7945,18561,19-Jul-22,RT2,20,40,20
7953,18562,19-Jul-22,RT3,15,29,14
7959,18559,19-Jul-22,RT3,7,23,16
7971,18561,19-Jul-22,RT3,12,25,13
7973,18558,19-Jul-22,RT3,11,26,15
7978,18561,19-Jul-22,RT4,4,9,5
7984,18559,19-Jul-22,RT4,6,19,13
7988,18558,19-Jul-22,RT4,8,20,12
7989,18562,19-Jul-22,RT4,11,20,9
8016,18558,20-Jul-22,RT1,6,15,9
8017,18559,20-Jul-22,RT1,17,42,25
8018,18561,20-Jul-22,RT1,16,33,17
8019,18562,20-Jul-22,RT1,21,38,17
8038,18562,20-Jul-22,RT2,17,34,17
8039,18559,20-Jul-22,RT2,14,44,30
8042,18558,20-Jul-22,RT2,12,30,18
8044,18561,20-Jul-22,RT2,21,40,19
8053,18562,20-Jul-22,RT3,17,29,12
8062,18559,20-Jul-22,RT3,8,23,15
8073,18558,20-Jul-22,RT3,12,26,14
8074,18561,20-Jul-22,RT3,11,25,14
8084,18561,20-Jul-22,RT4,5,9,4
8089,18559,20-Jul-22,RT4,6,19,13
8093,18558,20-Jul-22,RT4,8,20,12
8094,18562,20-Jul-22,RT4,11,20,9
8117,18558,21-Jul-22,RT1,6,15,9
8118,18559,21-Jul-22,RT1,11,42,31
8119,18561,21-Jul-22,RT1,14,33,19
8120,18562,21-Jul-22,RT1,20,38,18
8139,18562,21-Jul-22,RT2,19,34,15
8140,18559,21-Jul-22,RT2,17,44,27
8143,18558,21-Jul-22,RT2,11,30,19
8145,18561,21-Jul-22,RT2,20,40,20
8153,18562,21-Jul-22,RT3,14,29,15
8168,18559,21-Jul-22,RT3,9,23,14
8171,18561,21-Jul-22,RT3,12,25,13
8173,18558,21-Jul-22,RT3,11,26,15
8179,18561,21-Jul-22,RT4,4,9,5
8185,18559,21-Jul-22,RT4,6,19,13
8189,18558,21-Jul-22,RT4,9,20,11
8190,18562,21-Jul-22,RT4,10,20,10
8218,18558,22-Jul-22,RT1,5,15,10
8219,18559,22-Jul-22,RT1,12,42,30
8220,18561,22-Jul-22,RT1,15,33,18
8221,18562,22-Jul-22,RT1,18,38,20
8240,18562,22-Jul-22,RT2,17,34,17
8241,18559,22-Jul-22,RT2,19,44,25
8244,18558,22-Jul-22,RT2,13,30,17
8246,18561,22-Jul-22,RT2,23,40,17
8253,18562,22-Jul-22,RT3,13,29,16
8261,18559,22-Jul-22,RT3,7,23,16
8271,18558,22-Jul-22,RT3,12,26,14
8273,18561,22-Jul-22,RT3,12,25,13
8279,18561,22-Jul-22,RT4,4,9,5
8286,18559,22-Jul-22,RT4,6,19,13
8290,18558,22-Jul-22,RT4,9,20,11
8291,18562,22-Jul-22,RT4,11,20,9
8317,18558,23-Jul-22,RT1,9,15,6
8318,18559,23-Jul-22,RT1,20,42,22
8319,18561,23-Jul-22,RT1,25,33,8
8320,18562,23-Jul-22,RT1,26,38,12
8339,18562,23-Jul-22,RT2,27,34,7
8340,18559,23-Jul-22,RT2,22,44,22
8343,18558,23-Jul-22,RT2,18,30,12
8345,18561,23-Jul-22,RT2,30,40,10
8353,18562,23-Jul-22,RT3,21,29,8
8360,18561,23-Jul-22,RT3,21,25,4
8363,18558,23-Jul-22,RT3,17,26,9
8371,18559,23-Jul-22,RT3,12,23,11
8382,18561,23-Jul-22,RT4,7,9,2
8386,18559,23-Jul-22,RT4,10,19,9
8390,18558,23-Jul-22,RT4,12,20,8
8391,18562,23-Jul-22,RT4,16,20,4
8417,18558,24-Jul-22,RT1,8,15,7
8418,18559,24-Jul-22,RT1,22,42,20
8419,18561,24-Jul-22,RT1,22,33,11
8420,18562,24-Jul-22,RT1,27,38,11
8439,18562,24-Jul-22,RT2,22,34,12
8440,18559,24-Jul-22,RT2,23,44,21
8443,18558,24-Jul-22,RT2,16,30,14
8445,18561,24-Jul-22,RT2,26,40,14
8453,18562,24-Jul-22,RT3,23,29,6
8460,18561,24-Jul-22,RT3,18,25,7
8464,18558,24-Jul-22,RT3,15,26,11
8473,18559,24-Jul-22,RT3,12,23,11
8481,18561,24-Jul-22,RT4,7,9,2
8485,18559,24-Jul-22,RT4,11,19,8
8489,18558,24-Jul-22,RT4,12,20,8
8490,18562,24-Jul-22,RT4,13,20,7
8517,18558,25-Jul-22,RT1,7,15,8
8518,18559,25-Jul-22,RT1,11,42,31
8519,18561,25-Jul-22,RT1,15,33,18
8520,18562,25-Jul-22,RT1,18,38,20
8539,18562,25-Jul-22,RT2,19,34,15
8540,18559,25-Jul-22,RT2,13,44,31
8543,18558,25-Jul-22,RT2,13,30,17
8545,18561,25-Jul-22,RT2,20,40,20
8553,18562,25-Jul-22,RT3,15,29,14
8560,18559,25-Jul-22,RT3,7,23,16
8564,18561,25-Jul-22,RT3,14,25,11
8574,18558,25-Jul-22,RT3,11,26,15
8585,18561,25-Jul-22,RT4,5,9,4
8589,18559,25-Jul-22,RT4,7,19,12
8593,18558,25-Jul-22,RT4,7,20,13
8594,18562,25-Jul-22,RT4,10,20,10
8617,18558,26-Jul-22,RT1,6,15,9
8618,18559,26-Jul-22,RT1,13,42,29
8619,18561,26-Jul-22,RT1,15,33,18
8620,18562,26-Jul-22,RT1,23,38,15
8639,18562,26-Jul-22,RT2,17,34,17
8640,18559,26-Jul-22,RT2,13,44,31
8643,18558,26-Jul-22,RT2,12,30,18
8645,18561,26-Jul-22,RT2,23,40,17
8653,18562,26-Jul-22,RT3,15,29,14
8662,18559,26-Jul-22,RT3,8,23,15
8672,18561,26-Jul-22,RT3,12,25,13
8674,18558,26-Jul-22,RT3,11,26,15
8679,18561,26-Jul-22,RT4,4,9,5
8686,18559,26-Jul-22,RT4,7,19,12
8690,18558,26-Jul-22,RT4,9,20,11
8691,18562,26-Jul-22,RT4,11,20,9
8717,18558,27-Jul-22,RT1,6,15,9
8718,18559,27-Jul-22,RT1,14,42,28
8719,18561,27-Jul-22,RT1,14,33,19
8720,18562,27-Jul-22,RT1,22,38,16
8739,18562,27-Jul-22,RT2,20,34,14
8740,18559,27-Jul-22,RT2,15,44,29
8743,18558,27-Jul-22,RT2,12,30,18
8745,18561,27-Jul-22,RT2,20,40,20
8753,18562,27-Jul-22,RT3,14,29,15
8759,18559,27-Jul-22,RT3,7,23,16
8764,18561,27-Jul-22,RT3,13,25,12
8774,18558,27-Jul-22,RT3,11,26,15
8781,18561,27-Jul-22,RT4,5,9,4
8787,18559,27-Jul-22,RT4,9,19,10
8791,18558,27-Jul-22,RT4,8,20,12
8792,18562,27-Jul-22,RT4,10,20,10
8817,18558,28-Jul-22,RT1,7,15,8
8818,18559,28-Jul-22,RT1,16,42,26
8819,18561,28-Jul-22,RT1,17,33,16
8820,18562,28-Jul-22,RT1,21,38,17
8839,18562,28-Jul-22,RT2,19,34,15
8840,18559,28-Jul-22,RT2,15,44,29
8843,18558,28-Jul-22,RT2,13,30,17
8845,18561,28-Jul-22,RT2,22,40,18
8853,18562,28-Jul-22,RT3,14,29,15
8864,18561,28-Jul-22,RT3,13,25,12
8868,18559,28-Jul-22,RT3,9,23,14
8871,18558,28-Jul-22,RT3,10,26,16
8883,18561,28-Jul-22,RT4,6,9,3
8887,18559,28-Jul-22,RT4,6,19,13
8891,18558,28-Jul-22,RT4,7,20,13
8892,18562,28-Jul-22,RT4,11,20,9
8917,18558,29-Jul-22,RT1,7,15,8
8918,18559,29-Jul-22,RT1,17,42,25
8919,18561,29-Jul-22,RT1,15,33,18
8920,18562,29-Jul-22,RT1,22,38,16
8939,18562,29-Jul-22,RT2,18,34,16
8940,18559,29-Jul-22,RT2,14,44,30
8943,18558,29-Jul-22,RT2,13,30,17
8945,18561,29-Jul-22,RT2,20,40,20
8953,18562,29-Jul-22,RT3,16,29,13
8962,18559,29-Jul-22,RT3,8,23,15
8969,18558,29-Jul-22,RT3,10,26,16
8971,18561,29-Jul-22,RT3,12,25,13
8982,18561,29-Jul-22,RT4,4,9,5
8988,18559,29-Jul-22,RT4,6,19,13
8992,18558,29-Jul-22,RT4,9,20,11
8993,18562,29-Jul-22,RT4,11,20,9
9017,18558,30-Jul-22,RT1,8,15,7
9018,18559,30-Jul-22,RT1,19,42,23
9019,18561,30-Jul-22,RT1,26,33,7
9020,18562,30-Jul-22,RT1,27,38,11
9039,18562,30-Jul-22,RT2,26,34,8
9040,18559,30-Jul-22,RT2,21,44,23
9043,18558,30-Jul-22,RT2,17,30,13
9045,18561,30-Jul-22,RT2,33,40,7
9053,18562,30-Jul-22,RT3,20,29,9
9060,18561,30-Jul-22,RT3,19,25,6
9065,18558,30-Jul-22,RT3,15,26,11
9070,18559,30-Jul-22,RT3,13,23,10
9082,18561,30-Jul-22,RT4,6,9,3
9088,18559,30-Jul-22,RT4,9,19,10
9092,18558,30-Jul-22,RT4,11,20,9
9093,18562,30-Jul-22,RT4,15,20,5
9117,18558,31-Jul-22,RT1,9,15,6
9118,18559,31-Jul-22,RT1,24,42,18
9119,18561,31-Jul-22,RT1,29,33,4
9120,18562,31-Jul-22,RT1,28,38,10
9139,18562,31-Jul-22,RT2,22,34,12
9140,18559,31-Jul-22,RT2,20,44,24
9143,18558,31-Jul-22,RT2,20,30,10
9145,18561,31-Jul-22,RT2,30,40,10
9153,18562,31-Jul-22,RT3,21,29,8
9159,18561,31-Jul-22,RT3,19,25,6
9163,18558,31-Jul-22,RT3,15,26,11
9173,18559,31-Jul-22,RT3,11,23,12
9182,18561,31-Jul-22,RT4,6,9,3
9188,18559,31-Jul-22,RT4,9,19,10
9192,18558,31-Jul-22,RT4,11,20,9
9193,18562,31-Jul-22,RT4,16,20,4
